customer_id,name,email,age,city,region,product,quantity,unit_price,total_sales,date
1,Reza Ahmadi,user1@example.com,58,tehran ,North,Keyboard,2,22.26,44.52,2026/02/22
2,Neda Hosseini,user2@example.com,45, Tehran,Central,Monitor,1,24.6,24.6,2026/09/07
3,John Doe,user3@example.com,32,Tehran,North,Laptop,8,298.74,2389.92,2026-03-23
4,Maryam Karimi,user4@example.com,42,Shiraz,North,Keyboard,2,185.9,371.8,2026-05-26
5,Ali Reza,user5@example.com,36,tehran,West,Tablet,6,292.9,1757.4,2026-01-22
6,Reza Ahmadi,user6@example.com,,Shiraz,South,Keyboard,6,89.7,538.2,2026-04-22
7,Ali Reza,user7@example.com,64,Isfahan,South,Headset,4,90.07,360.28,23/09/2026
8,Maryam Karimi,user8@example.com,20,tehran,West,Phone,6,206.57,1239.42,23/06/2026
9,John Doe,,34,Mashhad,South,Phone,3,130.85,392.55,24/10/2026
10,Ali Reza,user10@example.com,50,Tehran,West,Monitor,8,54.55,436.4,2026/11/14
11,Neda Hosseini,user11@example.com,56,Mashhad,East,Laptop,8,269.27,999999.99,24/02/2026
12,John Doe,user12@example.com,36,Tehran,Central,Keyboard,7,50000,612.5,2026/09/04
13,Ali Reza,user13@example.com,30,,North,Tablet,3,193.22,579.66,17/01/2026
14,Sara Mohammadi,user14@example.com,69, Tehran,South,Mouse,5,127.33,636.65,2026/02/25
15,John Doe,user15@example.com,48,Yazd,West,Mouse,3,139.88,419.64,2026/12/07
16,Reza Ahmadi,user16@example.com,,Mashhad,Central,Phone,6,224.67,1348.02,2026-08-04
17,John Doe,user17@example.com,55,Tehran,West,Phone,4,13.52,54.08,2026-04-03
18,Ali Reza,user18@example.com,52,Yazd,West,Tablet,3,364.44,1093.32,2026-08-08
19,Sara Mohammadi,,45,Tehran,South,Phone,7,238.84,1671.88,2026-02-02
20,Ali Reza,user20@example.com,52,TEHRAN,North,Mouse,8,78.69,629.52,2026/08/26
21,Ali Reza,user21@example.com,300, Tehran,South,Monitor,1,484.81,484.81,16/08/2026
22,Maryam Karimi,user22@example.com,-10,Tabriz,South,Phone,7,139.95,979.65,2026/09/22
23,Maryam Karimi,user23@example.com,-10,Yazd,Central,Headset,4,484.67,1938.68,2026/01/02
24,Sara Mohammadi,user24@example.com,250,Mashhad,West,Laptop,3,37.87,113.61,2026/10/03
25,John Doe,user25@example.com,-10,Tehran,South,Mouse,4,293.67,1174.68,22/10/2026
26,Ali Reza,user26@example.com,,Isfahan,West,Keyboard,6,126.96,761.76,2026-03-22
27,John Doe,user27@example.com,54, Tehran,South,Monitor,2,45.9,91.8,05/06/2026
28,Sara Mohammadi,user28@example.com,52,Mashhad,East,Laptop,5,309.72,1548.6,2026-01-22
29,Reza Ahmadi,,24,Yazd,West,Tablet,3,143.45,430.35,11/04/2026
30,Neda Hosseini,user30@example.com,21,tehran ,West,Keyboard,2,320.8,641.6,2026-01-01
31,Reza Ahmadi,user31@example.com,63,tehran,Central,Phone,-2,284.84,1993.88,05/09/2026
32,John Doe,user32@example.com,45,Shiraz,Central,Headset,3,30.5,91.5,2026-01-12
33,Neda Hosseini,user33@example.com,44,,East,Headset,3,463.62,1390.86,2026-03-26
34,John Doe,user34@example.com,44,tehran,East,Headset,4,140.73,562.92,02/08/2026
35,Reza Ahmadi,user35@example.com,68, Tehran,West,Mouse,4,119.23,476.92,2026/05/12
36,Maryam Karimi,user36@example.com,52,tehran,East,Mouse,6,-100,2821.38,2026/01/04
37,Maryam Karimi,user37@example.com,68,Mashhad,North,Keyboard,6,223.83,1342.98,2026/05/02
38,Reza Ahmadi,user38@example.com,69,tehran,East,Mouse,4,188.47,753.88,11/11/2026
39,Neda Hosseini,user39@example.com,44,tehran ,South,Keyboard,6,207.18,1243.08,2026/11/13
40,John Doe,user40@example.com,54,Tehran,West,Monitor,5,208.98,1044.9,2026/10/20
41,Ali Reza,user41@example.com,,TEHRAN,South,Mouse,4,260.48,1041.92,17/11/2026
42,Maryam Karimi,user42@example.com,37,TEHRAN,West,Mouse,4,405.22,1620.88,2026-01-02
43,Ali Reza,user43@example.com,54,Isfahan,West,Phone,4,361.99,1447.96,2026-08-13
44,Reza Ahmadi,user44@example.com,29, Tehran,East,Headset,8,34.61,276.88,2026/11/17
45,Neda Hosseini,user45@example.com,46,Mashhad,East,Headset,7,416.98,2918.86,2026-08-06
46,John Doe,invalid-email,67,tehran ,Central,Laptop,8,317.11,2536.88,23/05/2026
47,Maryam Karimi,user47@example.com,26,TEHRAN,North,Phone,3,123.32,369.96,14/07/2026
48,John Doe,user48@example.com,44,Yazd,East,Headset,7,453.37,3173.59,2026-01-28
49,Maryam Karimi,,42,Mashhad,East,Mouse,7,273.73,1916.11,2026-04-16
50,Neda Hosseini,user50@example.com,61,Tabriz,North,Laptop,7,364.85,2553.95,2026/07/19
51,John Doe,user51@example.com,59,Tabriz,East,Headset,7,76.49,535.43,09/07/2026
52,Ali Reza,user52@example.com,42,Isfahan,East,Phone,5,378.48,1892.4,2026/01/24
53,Sara Mohammadi,user53@example.com,59,,West,Mouse,2,392.8,785.6,2026-01-08
54,Sara Mohammadi,user54@example.com,25,tehran ,East,Laptop,4,237.87,951.48,2026-06-06
55,Neda Hosseini,user55@example.com,55,Yazd,South,Laptop,1,465.15,465.15,2026/02/19
56,Neda Hosseini,user56@example.com,,Yazd,East,Laptop,5,426.64,2133.2,19/01/2026
57,Neda Hosseini,user57@example.com,50,Isfahan,South,Monitor,6,16.2,97.2,14/06/2026
58,Sara Mohammadi,user58@example.com,29,Mashhad,North,Tablet,5,311.8,1559.0,14/12/2026
59,Sara Mohammadi,user59@example.com,46,Yazd,East,Headset,4,377.73,1510.92,01/08/2026
60,Neda Hosseini,user60@example.com,34,Yazd,West,Monitor,6,147.03,882.18,2026-05-18
61,Neda Hosseini,user61@example.com,53,Tabriz,South,Tablet,-2,348.4,1393.6,01/02/2026
62,Maryam Karimi,user62@example.com,60,Mashhad,East,Tablet,6,241.9,1451.4,2026/06/12
63,Sara Mohammadi,user63@example.com,34, Tehran,West,Tablet,4,69.12,276.48,2026-06-04
64,Reza Ahmadi,user64@example.com,64, Tehran,South,Tablet,5,490.45,2452.25,2026/05/01
65,Maryam Karimi,user65@example.com,20,TEHRAN,West,Tablet,1,281.15,281.15,28/01/2026
66,Neda Hosseini,user66@example.com,29,Tabriz,North,Phone,1,-100,133.71,2026/08/03
67,Sara Mohammadi,user67@example.com,27, Tehran,Central,Monitor,5,51.74,258.7,2026/10/20
68,Ali Reza,user68@example.com,46,Yazd,South,Mouse,8,155.7,1245.6,2026/01/20
69,Maryam Karimi,,31,TEHRAN,Central,Monitor,5,333.61,1668.05,18/02/2026
70,Reza Ahmadi,user70@example.com,36,tehran ,South,Monitor,1,123.42,123.42,2026/05/26
71,Reza Ahmadi,user71@example.com,,tehran ,East,Monitor,4,327.34,1309.36,2026/05/20
72,Ali Reza,user72@example.com,25,Isfahan,West,Mouse,8,347.45,2779.6,2026/08/03
73,Maryam Karimi,user73@example.com,38,,Central,Mouse,5,22.67,113.35,2026-01-25
74,Maryam Karimi,user74@example.com,46,Yazd,East,Tablet,5,98.93,494.65,27/08/2026
75,Ali Reza,user75@example.com,60,Shiraz,West,Laptop,2,430.29,860.58,2026/11/13
76,Ali Reza,user76@example.com,38,Isfahan,South,Keyboard,5,168.4,842.0,01/11/2026
77,Maryam Karimi,user77@example.com,41,Tehran,North,Laptop,8,316.45,2531.6,2026/05/15
78,Maryam Karimi,user78@example.com,58,tehran ,North,Mouse,4,357.79,1431.16,2026-09-01
79,Maryam Karimi,user79@example.com,27,tehran ,Central,Phone,8,467.0,3736.0,2026-09-23
80,John Doe,user80@example.com,42,Mashhad,North,Tablet,4,461.72,1846.88,2026/07/11
81,John Doe,user81@example.com,64,Yazd,Central,Headset,5,420.36,2101.8,05/08/2026
82,Ali Reza,user82@example.com,52,Shiraz,East,Mouse,7,233.12,1631.84,08/10/2026
83,Maryam Karimi,user83@example.com,48,TEHRAN,North,Keyboard,7,199.18,1394.26,2026-08-02
84,Maryam Karimi,user84@example.com,47,Isfahan,North,Headset,1,364.0,364.0,2026/06/20
85,John Doe,user85@example.com,39,Tabriz,South,Mouse,7,477.53,3342.71,2026/04/21
86,Ali Reza,user86@example.com,23,tehran,East,Tablet,7,489.39,3425.73,23/05/2026
87,Reza Ahmadi,user87@example.com,41,Mashhad,West,Keyboard,7,81.33,569.31,2026-07-19
88,Neda Hosseini,user88@example.com,61,Yazd,North,Headset,4,253.86,1015.44,15/11/2026
89,Neda Hosseini,user89@example.com,47,TEHRAN,East,Monitor,5,342.03,1710.15,12/10/2026
90,Neda Hosseini,user90@example.com,37,Tabriz,East,Laptop,4,499.69,1998.76,13/10/2026
91,Reza Ahmadi,user91@example.com,,Yazd,East,Phone,-2,144.5,1011.5,2026-01-20
92,Ali Reza,user92@example.com,58,TEHRAN,Central,Tablet,4,314.24,1256.96,21/01/2026
93,John Doe,user93@example.com,64,tehran ,Central,Keyboard,3,54.17,162.51,2026/04/05
94,Sara Mohammadi,user94@example.com,35,Tabriz,South,Headset,3,135.92,407.76,2026-05-24
95,Ali Reza,user95@example.com,61,Mashhad,West,Tablet,7,483.96,3387.72,2026/01/09
96,John Doe,invalid-email,61,Shiraz,Central,Phone,5,296.43,1482.15,2026/01/20
97,John Doe,user97@example.com,59,Tabriz,West,Laptop,2,321.35,642.7,2026-05-21
98,Maryam Karimi,user98@example.com,24,TEHRAN,Central,Mouse,4,444.76,1779.04,2026/12/23
99,Sara Mohammadi,user99@example.com,64,tehran,West,Monitor,3,443.85,1331.55,14/05/2026
100,Ali Reza,user100@example.com,33,Shiraz,West,Laptop,6,58.68,352.08,2026-09-21
101,Sara Mohammadi,user101@example.com,-10,Yazd,North,Headset,4,324.44,1297.76,2026/04/05
102,Sara Mohammadi,user102@example.com,-10, Tehran,Central,Tablet,4,297.33,1189.32,2026-06-25
103,Sara Mohammadi,user103@example.com,69,Tehran,East,Laptop,3,63.86,191.58,2026-03-01
104,Maryam Karimi,user104@example.com,26,tehran,Central,Phone,7,267.78,1874.46,2026-08-15
105,Maryam Karimi,user105@example.com,57,Mashhad,North,Monitor,1,366.35,366.35,21/01/2026
106,Neda Hosseini,user106@example.com,63,tehran,Central,Keyboard,8,46.01,368.08,2026/03/09
107,Neda Hosseini,user107@example.com,63,Yazd,North,Headset,6,196.64,1179.84,2026-09-10
108,Ali Reza,user108@example.com,59, Tehran,East,Monitor,4,220.73,882.92,2026/07/14
109,Neda Hosseini,user109@example.com,38,TEHRAN,East,Headset,5,193.41,967.05,2026-08-03
110,Maryam Karimi,user110@example.com,26,Mashhad,North,Tablet,1,297.37,297.37,2026/07/12
111,John Doe,user111@example.com,,Yazd,Central,Tablet,5,182.31,911.55,2026-09-07
112,Reza Ahmadi,user112@example.com,25,Isfahan,North,Keyboard,5,291.31,1456.55,2026/10/22
113,Reza Ahmadi,user113@example.com,60,tehran ,West,Laptop,5,24.19,120.95,2026-05-11
114,John Doe,user114@example.com,27,Mashhad,East,Headset,1,54.96,54.96,14/08/2026
115,Maryam Karimi,user115@example.com,54,TEHRAN,West,Monitor,2,442.84,885.68,20/01/2026
116,Neda Hosseini,user116@example.com,56, Tehran,Central,Monitor,8,212.95,1703.6,2026/02/10
117,John Doe,user117@example.com,51,Isfahan,East,Tablet,5,32.25,161.25,2026-01-01
118,Reza Ahmadi,user118@example.com,25,Isfahan,East,Laptop,1,253.72,253.72,2026/12/08
119,Neda Hosseini,user119@example.com,43,Tabriz,West,Tablet,1,223.75,223.75,11/10/2026
120,Maryam Karimi,user120@example.com,25,Shiraz,North,Phone,7,20.22,141.54,2026-03-26
121,Ali Reza,user121@example.com,45,Isfahan,Central,Mouse,7,266.74,1867.18,2026-05-24
122,Sara Mohammadi,user122@example.com,25,Shiraz,East,Phone,4,453.9,1815.6,2026-06-24
123,Reza Ahmadi,user123@example.com,29,tehran,West,Mouse,3,382.51,1147.53,2026/08/25
124,John Doe,user124@example.com,54,Shiraz,Central,Laptop,6,433.48,2600.88,03/08/2026
125,Reza Ahmadi,user125@example.com,40,Tabriz,Central,Keyboard,2,162.1,324.2,2026-01-02
126,Maryam Karimi,user126@example.com,42,Tehran,Central,Phone,8,294.36,2354.88,2026/04/11
127,Maryam Karimi,user127@example.com,21,Shiraz,West,Keyboard,8,60.72,485.76,2026/01/08
128,Neda Hosseini,user128@example.com,51,tehran ,East,Laptop,3,188.31,564.93,2026-07-14
129,John Doe,user129@example.com,39,Isfahan,North,Keyboard,2,283.4,566.8,2026-05-09
130,Maryam Karimi,user130@example.com,60,tehran ,East,Headset,3,459.21,1377.63,2026/02/10
131,John Doe,user131@example.com,,Isfahan,West,Phone,2,326.55,653.1,2026-09-12
132,Neda Hosseini,user132@example.com,32,tehran ,East,Headset,3,85.92,257.76,2026-02-17
133,Neda Hosseini,user133@example.com,57,TEHRAN,West,Laptop,3,302.65,907.95,2026-03-06
134,Sara Mohammadi,user134@example.com,44, Tehran,East,Headset,6,341.42,2048.52,2026/08/08
135,Maryam Karimi,user135@example.com,68, Tehran,Central,Keyboard,8,452.95,3623.6,19/08/2026
136,Reza Ahmadi,user136@example.com,44,Yazd,North,Mouse,3,410.28,1230.84,09/01/2026
137,Maryam Karimi,user137@example.com,51,TEHRAN,East,Laptop,2,149.68,299.36,2026-05-15
138,Ali Reza,user138@example.com,44,Shiraz,East,Headset,1,204.26,204.26,03/06/2026
139,Ali Reza,user139@example.com,27,Tabriz,North,Tablet,3,28.77,86.31,2026-03-25
140,Ali Reza,user140@example.com,31,Yazd,South,Monitor,3,278.91,836.73,2026-09-14
141,Sara Mohammadi,user141@example.com,58,Tabriz,East,Monitor,8,40.78,326.24,2026/10/08
142,Reza Ahmadi,user142@example.com,18,Isfahan,Central,Keyboard,6,127.88,767.28,2026-03-22
143,John Doe,user143@example.com,68,Tabriz,North,Tablet,1,201.32,201.32,2026-01-21
144,Sara Mohammadi,user144@example.com,33,Shiraz,West,Mouse,2,388.04,776.08,2026/06/27
145,Ali Reza,user145@example.com,48,tehran,East,Tablet,3,407.63,1222.89,2026-08-02
146,Ali Reza,invalid-email,50,Mashhad,East,Tablet,7,494.67,3462.69,02/11/2026
147,John Doe,user147@example.com,25,Isfahan,Central,Tablet,6,224.11,1344.66,11/03/2026
148,Ali Reza,user148@example.com,69,tehran,North,Tablet,2,366.27,732.54,27/03/2026
149,Neda Hosseini,user149@example.com,60,Yazd,East,Keyboard,5,160.18,800.9,2026-07-06
150,Neda Hosseini,user150@example.com,45,Tehran,South,Laptop,5,323.34,1616.7,2026/06/17
151,Ali Reza,user151@example.com,,tehran,Central,Phone,8,27.05,216.4,2026/06/13
152,Maryam Karimi,user152@example.com,61,Shiraz,East,Mouse,8,474.92,3799.36,03/10/2026
153,John Doe,user153@example.com,35,Tehran,West,Phone,4,480.65,1922.6,17/07/2026
154,Maryam Karimi,user154@example.com,57,Tabriz,North,Headset,5,350.05,1750.25,2026/08/06
155,Neda Hosseini,user155@example.com,61,tehran,South,Headset,6,337.24,2023.44,2026/03/23
156,Reza Ahmadi,user156@example.com,41, Tehran,East,Monitor,4,69.47,277.88,2026/01/12
157,Maryam Karimi,user157@example.com,69,tehran,West,Headset,3,309.85,929.55,2026/12/16
158,Reza Ahmadi,user158@example.com,54,Shiraz,Central,Phone,2,71.41,142.82,2026-02-15
159,Neda Hosseini,user159@example.com,67,Tehran,South,Tablet,3,221.98,665.94,05/05/2026
160,Reza Ahmadi,user160@example.com,51,tehran ,Central,Laptop,5,424.51,2122.55,18/05/2026
161,Reza Ahmadi,user161@example.com,50,Yazd,North,Headset,3,299.99,899.97,22/10/2026
162,Ali Reza,user162@example.com,19,Yazd,West,Mouse,2,32.28,64.56,2026/07/20
163,Ali Reza,user163@example.com,52,tehran ,North,Phone,5,324.53,1622.65,26/11/2026
164,John Doe,user164@example.com,46, Tehran,West,Phone,7,247.28,1730.96,2026/12/11
165,Sara Mohammadi,user165@example.com,66,tehran,North,Laptop,6,262.34,1574.04,2026-06-08
166,Sara Mohammadi,user166@example.com,36,Isfahan,South,Monitor,7,433.44,3034.08,06/06/2026
167,Sara Mohammadi,user167@example.com,50,tehran ,Central,Tablet,8,254.39,2035.12,2026-08-01
168,John Doe,user168@example.com,21,Yazd,East,Headset,1,147.86,147.86,2026-08-10
169,Reza Ahmadi,user169@example.com,43,Tehran,West,Headset,6,32.17,193.02,12/09/2026
170,Reza Ahmadi,user170@example.com,53,Yazd,East,Headset,5,414.4,2072.0,04/07/2026
171,Maryam Karimi,user171@example.com,27,Isfahan,Central,Monitor,4,305.21,1220.84,02/01/2026
172,Reza Ahmadi,user172@example.com,27,Yazd,East,Keyboard,3,170.7,512.1,13/10/2026
173,Maryam Karimi,user173@example.com,50,tehran ,Central,Tablet,8,357.28,2858.24,2026-08-27
174,Neda Hosseini,user174@example.com,68,tehran ,Central,Headset,1,302.49,302.49,2026/08/06
175,John Doe,user175@example.com,42, Tehran,West,Phone,3,412.61,1237.83,23/02/2026
176,Sara Mohammadi,user176@example.com,44,Yazd,Central,Phone,4,211.08,844.32,2026/12/02
177,Reza Ahmadi,user177@example.com,53,Tabriz,East,Mouse,6,499.08,2994.48,11/03/2026
178,Neda Hosseini,user178@example.com,67, Tehran,South,Mouse,5,308.94,1544.7,18/05/2026
179,Neda Hosseini,user179@example.com,63,Shiraz,Central,Monitor,8,165.35,1322.8,2026/05/04
180,Neda Hosseini,user180@example.com,43,TEHRAN,East,Mouse,6,477.76,2866.56,10/12/2026
181,Neda Hosseini,user181@example.com,48,Mashhad,Central,Phone,4,109.01,436.04,2026/03/04
182,Neda Hosseini,user182@example.com,33,Mashhad,West,Laptop,1,338.22,338.22,08/01/2026
183,John Doe,user183@example.com,61,Mashhad,East,Tablet,3,12.54,37.62,2026-03-14
184,Sara Mohammadi,user184@example.com,59,tehran,North,Headset,1,454.89,454.89,24/12/2026
185,John Doe,user185@example.com,43,tehran ,West,Mouse,8,101.29,810.32,10/10/2026
186,Neda Hosseini,user186@example.com,52,TEHRAN,West,Mouse,8,445.74,3565.92,2026-09-15
187,Maryam Karimi,user187@example.com,34,Shiraz,West,Keyboard,3,16.9,50.7,2026/03/20
188,Maryam Karimi,user188@example.com,38,tehran,South,Monitor,2,206.41,412.82,16/06/2026
189,Neda Hosseini,user189@example.com,66,tehran ,North,Monitor,5,477.48,2387.4,2026-01-09
190,Sara Mohammadi,user190@example.com,37,Mashhad,South,Phone,3,208.65,625.95,2026/05/12
191,Neda Hosseini,user191@example.com,48,Yazd,South,Headset,3,232.94,698.82,2026/08/25
192,Reza Ahmadi,user192@example.com,33,Mashhad,South,Keyboard,2,267.5,535.0,2026/01/27
193,Ali Reza,user193@example.com,52,Mashhad,Central,Monitor,3,90.62,271.86,22/04/2026
194,John Doe,user194@example.com,69,Mashhad,North,Monitor,1,232.18,232.18,2026/09/15
195,Ali Reza,user195@example.com,34,Yazd,North,Monitor,1,375.44,375.44,2026/12/03
196,Neda Hosseini,user196@example.com,20,TEHRAN,Central,Phone,5,210.34,1051.7,2026-07-12
197,Ali Reza,user197@example.com,59,Mashhad,East,Monitor,6,68.13,408.78,2026-07-17
198,Ali Reza,user198@example.com,61, Tehran,North,Headset,7,270.65,1894.55,2026/05/07
199,Reza Ahmadi,user199@example.com,60,Tehran,North,Phone,7,311.31,2179.17,03/02/2026
200,Sara Mohammadi,user200@example.com,65, Tehran,Central,Tablet,1,207.11,207.11,25/01/2026
201,Reza Ahmadi,user201@example.com,300,TEHRAN,South,Mouse,6,126.08,756.48,2026/05/02
202,Maryam Karimi,user202@example.com,-10,Tehran,West,Phone,7,282.37,1976.59,2026/09/11
203,Sara Mohammadi,user203@example.com,37,Mashhad,West,Laptop,7,100.1,700.7,2026/05/28
204,Neda Hosseini,user204@example.com,53,Mashhad,North,Monitor,7,484.22,3389.54,13/04/2026
205,Ali Reza,user205@example.com,41, Tehran,South,Headset,2,272.46,544.92,2026-01-09
206,Maryam Karimi,user206@example.com,66,Shiraz,South,Mouse,4,244.9,979.6,2026/12/04
207,Neda Hosseini,user207@example.com,56, Tehran,East,Tablet,4,204.35,817.4,2026/07/15
208,Sara Mohammadi,user208@example.com,34,Tabriz,East,Tablet,6,261.28,1567.68,26/12/2026
209,Maryam Karimi,user209@example.com,44, Tehran,East,Phone,1,285.64,285.64,2026/10/19
210,Maryam Karimi,user210@example.com,30,Yazd,West,Monitor,6,122.71,736.26,18/11/2026
211,Ali Reza,user211@example.com,28,Mashhad,North,Headset,6,92.94,557.64,2026-08-06
212,John Doe,user212@example.com,18, Tehran,North,Keyboard,7,77.37,541.59,05/01/2026
213,Neda Hosseini,user213@example.com,58,Tehran,East,Keyboard,8,333.05,2664.4,2026/01/01
214,Reza Ahmadi,user214@example.com,36,Isfahan,Central,Tablet,1,256.09,256.09,2026-03-04
215,Sara Mohammadi,user215@example.com,70,Isfahan,East,Mouse,6,140.99,845.94,2026/10/08
216,Neda Hosseini,user216@example.com,70,Tehran,North,Mouse,2,330.33,660.66,2026-02-13
217,Sara Mohammadi,user217@example.com,28,Isfahan,Central,Monitor,2,254.93,509.86,2026-06-19
218,Ali Reza,user218@example.com,35,tehran ,South,Keyboard,1,462.84,462.84,22/01/2026
219,John Doe,user219@example.com,27,tehran ,West,Headset,7,465.15,3256.05,2026/07/22
220,Ali Reza,user220@example.com,65,tehran,East,Keyboard,3,397.34,1192.02,2026-09-24
221,Reza Ahmadi,user221@example.com,67,Shiraz,West,Monitor,7,484.77,3393.39,09/08/2026
222,Sara Mohammadi,user222@example.com,29,Yazd,West,Mouse,7,51.99,363.93,08/12/2026
223,John Doe,user223@example.com,68,Shiraz,North,Phone,3,372.43,1117.29,03/01/2026
224,Reza Ahmadi,user224@example.com,23,Mashhad,North,Keyboard,3,221.18,663.54,14/02/2026
225,Reza Ahmadi,user225@example.com,56,Tehran,Central,Phone,6,433.22,2599.32,2026-05-14
226,John Doe,user226@example.com,61,tehran ,West,Tablet,7,93.06,651.42,16/03/2026
227,John Doe,user227@example.com,48, Tehran,North,Monitor,2,186.95,373.9,2026-08-20
228,John Doe,user228@example.com,39,Shiraz,Central,Mouse,7,404.0,2828.0,14/11/2026
229,Sara Mohammadi,user229@example.com,30,Isfahan,East,Monitor,8,163.95,1311.6,2026/11/16
230,Ali Reza,user230@example.com,35,Yazd,West,Mouse,7,188.86,1322.02,2026/11/25
231,John Doe,user231@example.com,31,tehran,South,Mouse,8,400.87,3206.96,2026-07-22
232,Maryam Karimi,user232@example.com,45,Yazd,Central,Laptop,7,46.24,323.68,2026/09/28
233,Sara Mohammadi,user233@example.com,68,Mashhad,Central,Laptop,6,353.8,2122.8,25/04/2026
234,Neda Hosseini,user234@example.com,54,Shiraz,Central,Keyboard,7,483.74,3386.18,2026/05/08
235,John Doe,user235@example.com,55,Isfahan,North,Monitor,4,228.43,913.72,2026-08-25
236,Maryam Karimi,user236@example.com,24,tehran,South,Keyboard,5,213.83,1069.15,24/03/2026
237,Ali Reza,user237@example.com,48,Tabriz,North,Headset,6,243.32,1459.92,2026/01/26
238,Maryam Karimi,user238@example.com,39,TEHRAN,West,Phone,2,341.8,683.6,2026/03/11
239,Reza Ahmadi,user239@example.com,69,TEHRAN,West,Monitor,7,318.58,2230.06,01/12/2026
240,Sara Mohammadi,user240@example.com,18,tehran,West,Laptop,4,110.83,443.32,28/09/2026
241,Maryam Karimi,user241@example.com,34,Shiraz,Central,Phone,8,268.58,2148.64,13/10/2026
242,Ali Reza,user242@example.com,70,Yazd,South,Tablet,5,460.15,2300.75,05/06/2026
243,Reza Ahmadi,user243@example.com,62,Isfahan,South,Keyboard,3,260.3,780.9,2026/03/16
244,Ali Reza,user244@example.com,28,TEHRAN,West,Phone,8,151.53,1212.24,15/10/2026
245,Maryam Karimi,user245@example.com,30,Mashhad,South,Laptop,7,482.28,3375.96,22/08/2026
246,Maryam Karimi,user246@example.com,54, Tehran,Central,Mouse,1,399.98,399.98,2026-05-02
247,Neda Hosseini,user247@example.com,67,tehran,West,Keyboard,8,279.37,2234.96,2026-02-09
248,Maryam Karimi,user248@example.com,31, Tehran,North,Headset,7,60.18,421.26,2026-05-28
249,Reza Ahmadi,user249@example.com,69,Yazd,South,Headset,4,112.84,451.36,2026-06-28
250,Neda Hosseini,user250@example.com,31,Yazd,East,Tablet,4,404.67,1618.68,09/10/2026
251,Sara Mohammadi,user251@example.com,54,Mashhad,South,Phone,5,476.67,2383.35,2026/01/09
252,Maryam Karimi,user252@example.com,27,Isfahan,West,Laptop,6,415.96,2495.76,19/11/2026
253,Ali Reza,user253@example.com,58,tehran ,West,Mouse,2,207.4,414.8,2026/10/01
254,John Doe,user254@example.com,60,Mashhad,East,Keyboard,6,426.55,2559.3,14/04/2026
255,Maryam Karimi,user255@example.com,54,Tabriz,North,Laptop,3,287.41,862.23,2026/01/04
256,Ali Reza,user256@example.com,28,Isfahan,East,Tablet,8,233.69,1869.52,05/11/2026
257,Maryam Karimi,user257@example.com,23,TEHRAN,North,Mouse,6,335.61,2013.66,2026-01-13
258,Ali Reza,user258@example.com,24,tehran,East,Headset,1,114.58,114.58,2026-03-19
259,Ali Reza,user259@example.com,25,Tabriz,East,Tablet,7,350.08,2450.56,2026-02-08
260,Sara Mohammadi,user260@example.com,37,TEHRAN,West,Tablet,3,197.53,592.59,2026/01/20
261,Sara Mohammadi,user261@example.com,64,TEHRAN,North,Keyboard,4,317.76,1271.04,2026-07-20
262,Sara Mohammadi,user262@example.com,64,Isfahan,Central,Keyboard,7,182.25,1275.75,2026-06-26
263,Maryam Karimi,user263@example.com,56,Tehran,East,Mouse,5,391.7,1958.5,2026/09/07
264,John Doe,user264@example.com,21,tehran,East,Phone,4,252.49,1009.96,2026-04-16
265,John Doe,user265@example.com,42,TEHRAN,South,Laptop,7,189.05,1323.35,2026-08-25
266,Reza Ahmadi,user266@example.com,21,Mashhad,Central,Phone,7,258.24,1807.68,2026/02/21
267,Neda Hosseini,user267@example.com,35,Mashhad,North,Tablet,2,161.85,323.7,2026/06/13
268,Reza Ahmadi,user268@example.com,62, Tehran,North,Tablet,7,367.68,2573.76,2026/02/15
269,John Doe,user269@example.com,60,TEHRAN,South,Tablet,3,68.53,205.59,2026/09/17
270,John Doe,user270@example.com,26,tehran,Central,Mouse,5,369.14,1845.7,2026-01-11
271,John Doe,user271@example.com,22,Shiraz,North,Keyboard,8,233.05,1864.4,2026-01-16
272,John Doe,user272@example.com,61,Mashhad,West,Phone,2,121.92,243.84,28/01/2026
273,Ali Reza,user273@example.com,29,Isfahan,Central,Tablet,1,280.9,280.9,08/07/2026
274,John Doe,user274@example.com,25,Mashhad,North,Keyboard,1,97.88,97.88,03/08/2026
275,Maryam Karimi,user275@example.com,47,tehran ,South,Mouse,1,190.77,190.77,2026/08/12
276,Ali Reza,user276@example.com,52,Isfahan,East,Laptop,4,83.78,335.12,2026/11/27
277,Sara Mohammadi,user277@example.com,66,tehran ,East,Laptop,7,426.01,2982.07,2026-02-07
278,Ali Reza,user278@example.com,20,Mashhad,Central,Phone,4,449.67,1798.68,2026/12/03
279,John Doe,user279@example.com,58,Yazd,West,Mouse,7,46.67,326.69,22/03/2026
280,Ali Reza,user280@example.com,65,tehran ,South,Monitor,6,165.85,995.1,2026-04-03
281,Ali Reza,user281@example.com,47,Mashhad,North,Phone,6,209.19,1255.14,07/08/2026
282,Sara Mohammadi,user282@example.com,69,Yazd,East,Monitor,5,414.93,2074.65,2026/03/03
283,Sara Mohammadi,user283@example.com,50,tehran ,North,Monitor,1,341.82,341.82,2026/09/24
284,Neda Hosseini,user284@example.com,24,Tehran,North,Keyboard,3,69.51,208.53,2026/06/22
285,Ali Reza,user285@example.com,55,tehran,East,Laptop,5,459.54,2297.7,2026-01-03
286,Neda Hosseini,user286@example.com,20,Yazd,West,Phone,8,34.81,278.48,24/07/2026
287,Sara Mohammadi,user287@example.com,40,tehran ,East,Monitor,4,455.07,1820.28,2026/10/20
288,Sara Mohammadi,user288@example.com,44,tehran ,Central,Headset,8,39.88,319.04,2026/11/26
289,John Doe,user289@example.com,19,Shiraz,West,Tablet,7,393.14,2751.98,2026/06/19
290,Reza Ahmadi,user290@example.com,29, Tehran,East,Headset,1,166.25,166.25,25/05/2026
291,Ali Reza,user291@example.com,55,tehran,South,Keyboard,4,487.25,1949.0,2026/09/27
292,Reza Ahmadi,user292@example.com,69,TEHRAN,North,Mouse,7,183.85,1286.95,19/06/2026
293,Maryam Karimi,user293@example.com,62,Yazd,North,Laptop,6,474.3,2845.8,2026-03-19
294,John Doe,user294@example.com,21,Tehran,South,Headset,4,304.81,1219.24,2026-09-16
295,Neda Hosseini,user295@example.com,38,Yazd,West,Keyboard,1,20.74,20.74,04/09/2026
296,Sara Mohammadi,user296@example.com,24,TEHRAN,Central,Mouse,6,157.86,947.16,14/11/2026
297,Sara Mohammadi,user297@example.com,57,Yazd,North,Mouse,6,119.39,716.34,2026-03-13
298,Reza Ahmadi,user298@example.com,54,Yazd,North,Monitor,7,426.87,2988.09,2026/10/08
299,Neda Hosseini,user299@example.com,27, Tehran,East,Monitor,6,375.22,2251.32,2026/02/27
300,Maryam Karimi,user300@example.com,18,tehran,West,Mouse,5,112.75,563.75,2026-06-09
301,Reza Ahmadi,user301@example.com,-5,Tabriz,South,Phone,3,443.43,1330.29,18/07/2026
302,Sara Mohammadi,user302@example.com,46,Tehran,West,Phone,2,401.61,803.22,11/05/2026
303,Neda Hosseini,user303@example.com,64,tehran,South,Keyboard,2,278.05,556.1,20/08/2026
304,Reza Ahmadi,user304@example.com,45,Shiraz,East,Mouse,3,36.24,108.72,2026/09/24
305,Ali Reza,user305@example.com,36,Tehran,West,Laptop,5,126.4,632.0,18/08/2026
306,John Doe,user306@example.com,36,Tehran,West,Monitor,8,107.84,862.72,2026-04-06
307,Ali Reza,user307@example.com,49,Mashhad,East,Monitor,5,54.66,273.3,12/07/2026
308,Neda Hosseini,user308@example.com,47,tehran ,East,Headset,5,120.86,604.3,2026-01-05
309,Neda Hosseini,user309@example.com,52,Yazd,West,Keyboard,7,485.65,3399.55,2026/09/14
310,Sara Mohammadi,user310@example.com,33,Isfahan,North,Headset,8,156.44,1251.52,2026/10/22
311,Neda Hosseini,user311@example.com,46,TEHRAN,West,Phone,3,475.04,1425.12,2026-04-26
312,Maryam Karimi,user312@example.com,70,tehran ,Central,Tablet,3,418.71,1256.13,2026/02/13
313,Reza Ahmadi,user313@example.com,35,Tehran,Central,Keyboard,8,459.41,3675.28,2026-09-26
314,Maryam Karimi,user314@example.com,66,Yazd,West,Keyboard,2,463.21,926.42,10/09/2026
315,Ali Reza,user315@example.com,56,tehran ,West,Tablet,8,28.36,226.88,20/10/2026
316,Maryam Karimi,user316@example.com,62,Tabriz,North,Headset,4,34.15,136.6,01/06/2026
317,Sara Mohammadi,user317@example.com,32,Tabriz,West,Phone,3,157.24,471.72,2026-06-09
318,Neda Hosseini,user318@example.com,70,Mashhad,Central,Monitor,7,373.06,2611.42,02/09/2026
319,Sara Mohammadi,user319@example.com,26, Tehran,East,Tablet,1,95.13,95.13,2026/01/12
320,Maryam Karimi,user320@example.com,70,tehran,Central,Keyboard,8,257.51,2060.08,2026-01-08
321,Sara Mohammadi,user321@example.com,40,tehran ,South,Mouse,6,90.12,540.72,2026/01/06
322,Neda Hosseini,user322@example.com,32,Isfahan,South,Keyboard,4,141.85,567.4,2026-09-01
323,John Doe,user323@example.com,69,Yazd,West,Tablet,1,119.65,119.65,23/11/2026
324,Reza Ahmadi,user324@example.com,31,Mashhad,Central,Keyboard,8,158.05,1264.4,04/01/2026
325,John Doe,user325@example.com,36,Tabriz,East,Phone,5,345.36,1726.8,09/11/2026
326,Neda Hosseini,user326@example.com,27,Yazd,West,Tablet,4,450.85,1803.4,2026-07-22
327,Neda Hosseini,user327@example.com,34,Tehran,West,Mouse,7,208.25,1457.75,2026/04/22
328,Neda Hosseini,user328@example.com,40,Mashhad,Central,Headset,5,424.26,2121.3,04/08/2026
329,John Doe,user329@example.com,29, Tehran,East,Keyboard,6,330.67,1984.02,24/05/2026
330,Maryam Karimi,user330@example.com,36,Tabriz,South,Keyboard,8,427.09,3416.72,2026-01-28
331,Maryam Karimi,user331@example.com,25,Isfahan,Central,Monitor,7,269.62,1887.34,28/03/2026
332,Ali Reza,user332@example.com,27,TEHRAN,North,Monitor,6,432.57,2595.42,2026/03/11
333,Neda Hosseini,user333@example.com,35,TEHRAN,West,Monitor,4,382.98,1531.92,26/02/2026
334,Sara Mohammadi,user334@example.com,45,Tehran,North,Mouse,8,197.83,1582.64,2026/01/11
335,Sara Mohammadi,user335@example.com,18,Shiraz,North,Headset,4,120.87,483.48,04/07/2026
336,John Doe,user336@example.com,20,Tabriz,West,Tablet,5,474.75,2373.75,2026-09-20
337,Ali Reza,user337@example.com,66,Isfahan,Central,Keyboard,4,90.79,363.16,2026/03/07
338,Ali Reza,user338@example.com,28,Tehran,North,Mouse,2,189.63,379.26,2026/10/02
339,Sara Mohammadi,user339@example.com,19,Isfahan,South,Mouse,1,347.98,347.98,2026/05/16
340,Ali Reza,user340@example.com,61,tehran,Central,Mouse,1,157.55,157.55,20/10/2026
341,Sara Mohammadi,user341@example.com,57,tehran,East,Mouse,2,148.53,297.06,2026/05/27
342,Ali Reza,user342@example.com,44,Mashhad,North,Laptop,5,88.58,442.9,2026-08-07
343,Sara Mohammadi,user343@example.com,54,tehran,West,Tablet,8,83.08,664.64,2026/02/09
344,Neda Hosseini,user344@example.com,34,TEHRAN,North,Laptop,8,34.54,276.32,10/06/2026
345,Ali Reza,user345@example.com,66,TEHRAN,East,Headset,1,14.74,14.74,2026/10/09
346,Maryam Karimi,user346@example.com,39,Isfahan,South,Laptop,3,65.78,197.34,27/07/2026
347,Sara Mohammadi,user347@example.com,26,TEHRAN,Central,Monitor,1,490.97,490.97,19/08/2026
348,John Doe,user348@example.com,67,TEHRAN,East,Laptop,6,309.57,1857.42,2026-08-16
349,Neda Hosseini,user349@example.com,63,Shiraz,South,Monitor,4,489.17,1956.68,23/12/2026
350,Maryam Karimi,user350@example.com,40,Mashhad,South,Laptop,7,82.84,579.88,21/03/2026
351,Maryam Karimi,user351@example.com,66,Shiraz,South,Laptop,8,167.11,1336.88,17/04/2026
352,Neda Hosseini,user352@example.com,47,Tabriz,North,Laptop,8,402.62,3220.96,16/08/2026
353,Reza Ahmadi,user353@example.com,43,Mashhad,Central,Phone,7,27.56,192.92,03/10/2026
354,Reza Ahmadi,user354@example.com,59,Shiraz,West,Mouse,8,475.67,3805.36,2026/06/18
355,Neda Hosseini,user355@example.com,60,tehran,East,Keyboard,6,360.8,2164.8,22/04/2026
356,Ali Reza,user356@example.com,51,Tehran,East,Keyboard,6,354.03,2124.18,05/12/2026
357,Maryam Karimi,user357@example.com,30,Isfahan,North,Mouse,4,69.17,276.68,2026-04-15
358,Reza Ahmadi,user358@example.com,61,Tabriz,North,Keyboard,2,388.35,776.7,2026-08-22
359,Reza Ahmadi,user359@example.com,45,TEHRAN,Central,Tablet,8,462.94,3703.52,2026/02/13
360,Sara Mohammadi,user360@example.com,50,Yazd,West,Keyboard,7,215.15,1506.05,2026-04-09
361,Sara Mohammadi,user361@example.com,62,Mashhad,Central,Mouse,5,423.11,2115.55,2026-06-23
362,Ali Reza,user362@example.com,36,TEHRAN,East,Keyboard,6,461.38,2768.28,2026/11/11
363,Maryam Karimi,user363@example.com,48,Mashhad,South,Laptop,7,340.38,2382.66,2026-05-28
364,Sara Mohammadi,user364@example.com,60,TEHRAN,Central,Laptop,1,107.95,107.95,09/03/2026
365,Neda Hosseini,user365@example.com,40,Mashhad,East,Mouse,8,60.22,481.76,2026/07/08
366,Neda Hosseini,user366@example.com,60,Isfahan,East,Phone,1,463.98,463.98,2026-07-26
367,Maryam Karimi,user367@example.com,57,Shiraz,South,Mouse,8,416.69,3333.52,20/04/2026
368,Sara Mohammadi,user368@example.com,22,Mashhad,South,Keyboard,3,481.61,1444.83,02/07/2026
369,Reza Ahmadi,user369@example.com,34,TEHRAN,East,Monitor,1,171.98,171.98,2026/01/25
370,Sara Mohammadi,user370@example.com,68,Shiraz,West,Keyboard,6,45.71,274.26,2026/02/26
371,Reza Ahmadi,user371@example.com,52, Tehran,Central,Monitor,7,55.05,385.35,2026-04-22
372,Neda Hosseini,user372@example.com,53,Shiraz,East,Monitor,1,66.21,66.21,2026-08-08
373,Maryam Karimi,user373@example.com,68,Mashhad,West,Laptop,2,199.08,398.16,2026/09/26
374,Ali Reza,user374@example.com,36,tehran,South,Mouse,4,166.95,667.8,2026/09/01
375,Neda Hosseini,user375@example.com,58,Isfahan,North,Mouse,4,433.83,1735.32,18/12/2026
376,Reza Ahmadi,user376@example.com,61,Shiraz,North,Keyboard,3,21.64,64.92,03/01/2026
377,Maryam Karimi,user377@example.com,70,Isfahan,North,Keyboard,4,456.38,1825.52,2026-07-15
378,John Doe,user378@example.com,18,Yazd,East,Keyboard,2,380.42,760.84,2026-01-23
379,Reza Ahmadi,user379@example.com,23,Tabriz,South,Phone,5,384.98,1924.9,2026-07-13
380,Neda Hosseini,user380@example.com,65,Mashhad,East,Laptop,7,400.42,2802.94,2026/11/26
381,Neda Hosseini,user381@example.com,53,Tehran,East,Phone,3,70.39,211.17,2026/05/07
382,Ali Reza,user382@example.com,44, Tehran,Central,Monitor,3,88.87,266.61,2026/11/26
383,John Doe,user383@example.com,59,tehran,South,Mouse,2,152.42,304.84,07/12/2026
384,Neda Hosseini,user384@example.com,59,Yazd,East,Mouse,4,59.02,236.08,2026/08/11
385,Neda Hosseini,user385@example.com,55,Shiraz,West,Tablet,3,287.12,861.36,2026-06-14
386,Ali Reza,user386@example.com,41,Shiraz,South,Mouse,3,342.99,1028.97,2026/05/16
387,Ali Reza,user387@example.com,56,TEHRAN,North,Headset,2,422.48,844.96,2026/11/03
388,Reza Ahmadi,user388@example.com,50,Yazd,Central,Monitor,1,408.19,408.19,19/04/2026
389,John Doe,user389@example.com,59, Tehran,Central,Laptop,3,189.25,567.75,15/09/2026
390,Reza Ahmadi,user390@example.com,60,Yazd,Central,Mouse,4,425.51,1702.04,2026-03-25
391,Sara Mohammadi,user391@example.com,27,Tehran,North,Mouse,8,470.2,3761.6,16/04/2026
392,Neda Hosseini,user392@example.com,31,Tabriz,East,Headset,6,200.17,1201.02,2026/02/23
393,Ali Reza,user393@example.com,65,Yazd,Central,Tablet,5,293.53,1467.65,2026/06/19
394,Sara Mohammadi,user394@example.com,42,Shiraz,West,Phone,4,263.02,1052.08,2026/10/01
395,Ali Reza,user395@example.com,32,tehran ,South,Monitor,2,262.13,524.26,2026/06/20
396,Ali Reza,user396@example.com,69,Tabriz,South,Laptop,6,362.93,2177.58,07/10/2026
397,Reza Ahmadi,user397@example.com,26,Mashhad,West,Keyboard,3,76.01,228.03,2026-01-19
398,Sara Mohammadi,user398@example.com,54,tehran ,South,Headset,1,440.47,440.47,15/10/2026
399,Reza Ahmadi,user399@example.com,44,TEHRAN,Central,Laptop,3,399.36,1198.08,06/12/2026
400,Reza Ahmadi,user400@example.com,32,tehran,North,Phone,7,198.88,1392.16,2026-01-07
401,Reza Ahmadi,user401@example.com,48,Mashhad,Central,Headset,1,440.1,440.1,2026-09-25
402,Maryam Karimi,user402@example.com,18,Shiraz,East,Keyboard,7,265.8,1860.6,17/07/2026
403,Maryam Karimi,user403@example.com,69,tehran ,East,Phone,2,218.49,436.98,2026/05/20
404,Maryam Karimi,user404@example.com,18,tehran,East,Laptop,1,293.21,293.21,13/11/2026
405,John Doe,user405@example.com,27,tehran ,West,Headset,7,329.27,2304.89,2026/10/12
406,John Doe,user406@example.com,31,Mashhad,Central,Tablet,7,280.53,1963.71,12/09/2026
407,Reza Ahmadi,user407@example.com,67,tehran,West,Headset,7,370.53,2593.71,2026-04-15
408,Ali Reza,user408@example.com,39,Tehran,East,Phone,1,88.76,88.76,2026-02-27
409,Ali Reza,user409@example.com,41,Isfahan,South,Mouse,2,308.42,616.84,2026/05/23
410,Sara Mohammadi,user410@example.com,49,Mashhad,Central,Phone,8,15.25,122.0,2026/09/17
411,Maryam Karimi,user411@example.com,61,Tehran,Central,Phone,1,186.27,186.27,09/07/2026
412,John Doe,user412@example.com,51,tehran,East,Phone,1,371.09,371.09,10/12/2026
413,Ali Reza,user413@example.com,56,Isfahan,Central,Tablet,4,232.83,931.32,2026/09/04
414,Maryam Karimi,user414@example.com,39,tehran ,Central,Monitor,2,403.44,806.88,26/10/2026
415,Ali Reza,user415@example.com,67,Tabriz,West,Mouse,4,381.16,1524.64,28/01/2026
416,John Doe,user416@example.com,68, Tehran,South,Tablet,4,341.69,1366.76,2026/09/01
417,Reza Ahmadi,user417@example.com,23,Shiraz,East,Phone,7,340.11,2380.77,2026-02-18
418,Sara Mohammadi,user418@example.com,65, Tehran,Central,Tablet,4,254.51,1018.04,2026-04-24
419,John Doe,user419@example.com,27,tehran,Central,Tablet,2,68.74,137.48,01/09/2026
420,Maryam Karimi,user420@example.com,49,Mashhad,West,Keyboard,5,250.49,1252.45,2026/03/02
421,Ali Reza,user421@example.com,20,TEHRAN,North,Mouse,6,202.92,1217.52,2026/08/11
422,Sara Mohammadi,user422@example.com,31,Shiraz,East,Monitor,7,294.69,2062.83,28/05/2026
423,John Doe,user423@example.com,57,Tabriz,West,Phone,6,189.3,1135.8,14/12/2026
424,Sara Mohammadi,user424@example.com,54, Tehran,South,Headset,3,489.84,1469.52,09/04/2026
425,Neda Hosseini,user425@example.com,65,Tehran,East,Headset,3,241.76,725.28,2026/11/17
426,John Doe,user426@example.com,49,Yazd,West,Headset,5,132.98,664.9,2026-01-13
427,John Doe,user427@example.com,58,Shiraz,North,Monitor,2,230.43,460.86,12/09/2026
428,John Doe,user428@example.com,25,Yazd,East,Tablet,6,435.01,2610.06,2026-04-19
429,Sara Mohammadi,user429@example.com,61,Tabriz,East,Monitor,8,389.62,3116.96,2026-02-13
430,John Doe,user430@example.com,58,tehran,East,Keyboard,7,425.96,2981.72,2026/06/11
431,Sara Mohammadi,user431@example.com,59,Tabriz,North,Phone,7,142.91,1000.37,2026-06-24
432,Reza Ahmadi,user432@example.com,64,tehran,North,Laptop,4,334.39,1337.56,13/02/2026
433,John Doe,user433@example.com,67,tehran,South,Phone,7,266.75,1867.25,20/03/2026
434,John Doe,user434@example.com,65,TEHRAN,East,Headset,5,227.15,1135.75,2026/01/02
435,Reza Ahmadi,user435@example.com,48,Mashhad,Central,Monitor,8,487.74,3901.92,2026-05-18
436,Maryam Karimi,user436@example.com,58,Mashhad,East,Tablet,7,266.5,1865.5,2026-05-12
437,Reza Ahmadi,user437@example.com,44,Tehran,North,Mouse,5,86.3,431.5,27/03/2026
438,Maryam Karimi,user438@example.com,49,Isfahan,Central,Monitor,8,156.81,1254.48,2026-05-20
439,Reza Ahmadi,user439@example.com,43,Isfahan,Central,Headset,4,90.0,360.0,2026-07-08
440,Ali Reza,user440@example.com,62,Mashhad,West,Keyboard,5,149.49,747.45,07/02/2026
441,Sara Mohammadi,user441@example.com,46,Tabriz,North,Tablet,5,353.23,1766.15,2026-04-11
442,Maryam Karimi,user442@example.com,35,Tehran,East,Headset,3,360.45,1081.35,05/01/2026
443,Ali Reza,user443@example.com,69,Tabriz,Central,Monitor,8,499.0,3992.0,03/03/2026
444,Maryam Karimi,user444@example.com,29,tehran ,South,Mouse,4,448.89,1795.56,01/02/2026
445,John Doe,user445@example.com,20,tehran,South,Mouse,4,235.81,943.24,07/08/2026
446,John Doe,user446@example.com,64,Mashhad,North,Headset,1,374.92,374.92,2026-09-04
447,Maryam Karimi,user447@example.com,60, Tehran,South,Laptop,4,486.9,1947.6,2026-07-11
448,Neda Hosseini,user448@example.com,20,TEHRAN,Central,Tablet,8,347.32,2778.56,2026-06-25
449,Reza Ahmadi,user449@example.com,66,TEHRAN,East,Headset,1,39.29,39.29,04/03/2026
450,Maryam Karimi,user450@example.com,46,Isfahan,Central,Tablet,4,20.46,81.84,2026/01/16
451,Reza Ahmadi,user451@example.com,52,TEHRAN,South,Laptop,8,102.99,823.92,2026/08/09
452,Neda Hosseini,user452@example.com,51,tehran ,South,Laptop,3,230.2,690.6,15/01/2026
453,Sara Mohammadi,user453@example.com,57, Tehran,Central,Mouse,6,390.25,2341.5,03/11/2026
454,Ali Reza,user454@example.com,49,Shiraz,North,Headset,3,310.39,931.17,2026/02/17
455,Maryam Karimi,user455@example.com,26, Tehran,West,Keyboard,3,438.01,1314.03,2026/01/19
456,Maryam Karimi,user456@example.com,57, Tehran,North,Tablet,5,34.05,170.25,2026-02-01
457,Ali Reza,user457@example.com,53,Tehran,South,Keyboard,7,412.79,2889.53,02/12/2026
458,Neda Hosseini,user458@example.com,24,Mashhad,South,Keyboard,2,365.33,730.66,2026/11/08
459,Sara Mohammadi,user459@example.com,65,Yazd,South,Keyboard,7,375.59,2629.13,2026-06-22
460,Maryam Karimi,user460@example.com,43,Mashhad,West,Headset,6,332.19,1993.14,11/09/2026
461,Maryam Karimi,user461@example.com,64,Yazd,West,Monitor,6,308.12,1848.72,13/09/2026
462,Sara Mohammadi,user462@example.com,18,Yazd,East,Laptop,1,491.65,491.65,2026-01-17
463,John Doe,user463@example.com,67,Mashhad,South,Phone,5,460.36,2301.8,19/03/2026
464,Reza Ahmadi,user464@example.com,34, Tehran,South,Mouse,6,445.92,2675.52,26/05/2026
465,Reza Ahmadi,user465@example.com,22,TEHRAN,East,Laptop,6,398.52,2391.12,2026-08-27
466,Sara Mohammadi,user466@example.com,64,Tehran,Central,Laptop,7,48.45,339.15,2026-06-12
467,Neda Hosseini,user467@example.com,58,Mashhad,South,Phone,7,36.52,255.64,2026/03/11
468,Sara Mohammadi,user468@example.com,21,Yazd,South,Tablet,7,485.81,3400.67,08/07/2026
469,Neda Hosseini,user469@example.com,23,Tehran,South,Headset,8,290.01,2320.08,09/02/2026
470,Reza Ahmadi,user470@example.com,26,Tabriz,South,Phone,8,284.06,2272.48,2026/09/20
471,Sara Mohammadi,user471@example.com,22,Shiraz,East,Tablet,5,390.62,1953.1,22/07/2026
472,Ali Reza,user472@example.com,56,TEHRAN,South,Phone,1,387.14,387.14,27/08/2026
473,Ali Reza,user473@example.com,61,tehran,East,Mouse,6,86.44,518.64,02/04/2026
474,Reza Ahmadi,user474@example.com,69,Tabriz,Central,Headset,2,159.51,319.02,2026-01-11
475,Sara Mohammadi,user475@example.com,34,TEHRAN,North,Tablet,8,315.29,2522.32,19/11/2026
476,John Doe,user476@example.com,30,Tehran,North,Laptop,5,36.01,180.05,2026/11/28
477,Reza Ahmadi,user477@example.com,36,Isfahan,North,Phone,7,123.27,862.89,2026/08/28
478,Neda Hosseini,user478@example.com,30,Tehran,South,Laptop,8,284.74,2277.92,17/05/2026
479,Ali Reza,user479@example.com,40,tehran ,Central,Tablet,6,184.14,1104.84,09/01/2026
480,Neda Hosseini,user480@example.com,32,Isfahan,South,Monitor,3,177.48,532.44,2026/09/22
481,Reza Ahmadi,user481@example.com,33,tehran ,Central,Mouse,3,218.97,656.91,2026-06-15
482,John Doe,user482@example.com,69,tehran ,North,Keyboard,4,432.67,1730.68,2026-09-05
483,Neda Hosseini,user483@example.com,52,TEHRAN,East,Phone,2,100.23,200.46,11/07/2026
484,Reza Ahmadi,user484@example.com,67,TEHRAN,South,Keyboard,4,62.32,249.28,2026/05/20
485,Maryam Karimi,user485@example.com,32,Shiraz,East,Phone,4,346.82,1387.28,2026/03/17
486,Sara Mohammadi,user486@example.com,42,TEHRAN,South,Headset,8,242.18,1937.44,02/07/2026
487,Ali Reza,user487@example.com,31,Tabriz,Central,Mouse,2,96.77,193.54,11/08/2026
488,Maryam Karimi,user488@example.com,70,Isfahan,West,Headset,7,362.9,2540.3,2026-09-17
489,John Doe,user489@example.com,20,Isfahan,West,Monitor,4,264.16,1056.64,2026-01-18
490,Neda Hosseini,user490@example.com,37,Isfahan,West,Laptop,5,236.06,1180.3,02/12/2026
491,Sara Mohammadi,user491@example.com,64,Yazd,West,Keyboard,2,98.09,196.18,2026-09-05
492,Neda Hosseini,user492@example.com,63,tehran,North,Laptop,4,442.45,1769.8,2026-05-11
493,Maryam Karimi,user493@example.com,25,tehran,Central,Monitor,8,320.7,2565.6,2026-09-23
494,Ali Reza,user494@example.com,20,Yazd,West,Tablet,3,457.0,1371.0,2026/03/25
495,Ali Reza,user495@example.com,37,TEHRAN,West,Monitor,8,151.5,1212.0,07/01/2026
496,Maryam Karimi,user496@example.com,49,Tabriz,North,Keyboard,1,307.91,307.91,19/11/2026
497,Sara Mohammadi,user497@example.com,56,Mashhad,North,Mouse,1,129.91,129.91,2026-05-20
498,Sara Mohammadi,user498@example.com,40,Tehran,East,Keyboard,1,81.23,81.23,2026-05-11
499,Ali Reza,user499@example.com,60,Yazd,West,Headset,3,483.48,1450.44,03/05/2026
500,Reza Ahmadi,user500@example.com,53,TEHRAN,South,Mouse,2,153.49,306.98,28/05/2026
501,John Doe,user501@example.com,31,Mashhad,West,Keyboard,1,63.56,63.56,2026/10/26
502,Neda Hosseini,user502@example.com,38,Yazd,West,Monitor,5,267.44,1337.2,2026/08/17
503,Ali Reza,user503@example.com,69, Tehran,South,Headset,3,443.0,1329.0,2026/01/15
504,Sara Mohammadi,user504@example.com,57,Shiraz,East,Tablet,7,212.88,1490.16,2026/04/01
505,John Doe,user505@example.com,68,Mashhad,West,Mouse,2,160.81,321.62,25/01/2026
506,Neda Hosseini,user506@example.com,54, Tehran,South,Monitor,1,417.7,417.7,2026-06-27
507,John Doe,user507@example.com,27,Mashhad,Central,Mouse,8,447.11,3576.88,2026/12/02
508,John Doe,user508@example.com,61,Tehran,North,Tablet,6,282.04,1692.24,2026-04-19
509,Neda Hosseini,user509@example.com,42,Isfahan,North,Tablet,3,289.78,869.34,04/05/2026
510,Sara Mohammadi,user510@example.com,44, Tehran,North,Tablet,2,253.56,507.12,27/05/2026
511,John Doe,user511@example.com,68,tehran,West,Mouse,1,391.12,391.12,2026-08-17
512,Ali Reza,user512@example.com,51,TEHRAN,West,Monitor,5,390.01,1950.05,2026/03/07
513,Neda Hosseini,user513@example.com,63,Tehran,East,Laptop,2,12.01,24.02,2026/02/17
514,Maryam Karimi,user514@example.com,54, Tehran,North,Tablet,5,323.04,1615.2,07/05/2026
515,John Doe,user515@example.com,27,Tehran,East,Phone,3,144.08,432.24,2026/09/12
516,Sara Mohammadi,user516@example.com,63,TEHRAN,North,Monitor,5,291.3,1456.5,2026-02-10
517,Neda Hosseini,user517@example.com,61,Tehran,West,Keyboard,1,61.9,61.9,2026/12/20
518,Neda Hosseini,user518@example.com,40, Tehran,West,Laptop,5,172.84,864.2,2026-09-03
519,Maryam Karimi,user519@example.com,47,Tabriz,South,Mouse,5,345.39,1726.95,08/03/2026
520,Maryam Karimi,user520@example.com,60,Shiraz,West,Headset,6,396.5,2379.0,01/02/2026
521,John Doe,user521@example.com,28,Yazd,Central,Mouse,5,386.29,1931.45,2026-03-17
522,Maryam Karimi,user522@example.com,22,Isfahan,North,Tablet,5,271.05,1355.25,20/04/2026
523,Ali Reza,user523@example.com,31,Isfahan,Central,Headset,7,394.31,2760.17,2026/03/22
524,Ali Reza,user524@example.com,49,Tabriz,Central,Laptop,2,300.16,600.32,04/08/2026
525,Ali Reza,user525@example.com,61,Tehran,South,Mouse,7,170.43,1193.01,2026/10/25
526,Neda Hosseini,user526@example.com,27,Isfahan,East,Monitor,8,270.32,2162.56,2026/06/10
527,Ali Reza,user527@example.com,63,Yazd,East,Keyboard,6,495.24,2971.44,17/07/2026
528,Reza Ahmadi,user528@example.com,21,Shiraz,West,Mouse,1,354.64,354.64,2026/04/14
529,Reza Ahmadi,user529@example.com,38,Isfahan,West,Headset,7,208.96,1462.72,2026-09-07
530,Maryam Karimi,user530@example.com,41,TEHRAN,West,Phone,7,85.59,599.13,2026/01/05
531,Maryam Karimi,user531@example.com,23,Isfahan,Central,Monitor,3,324.7,974.1,2026-08-26
532,Sara Mohammadi,user532@example.com,53, Tehran,Central,Tablet,8,198.51,1588.08,2026/10/16
533,Ali Reza,user533@example.com,44,Tehran,South,Mouse,6,26.4,158.4,2026/10/16
534,Neda Hosseini,user534@example.com,64,tehran,North,Mouse,5,237.82,1189.1,2026/08/21
535,Reza Ahmadi,user535@example.com,58,Shiraz,East,Monitor,5,310.39,1551.95,01/08/2026
536,Maryam Karimi,user536@example.com,40,Tehran,Central,Phone,5,151.71,758.55,2026/05/02
537,John Doe,user537@example.com,54,tehran ,East,Phone,1,331.6,331.6,2026-01-10
538,Sara Mohammadi,user538@example.com,57,tehran ,West,Tablet,5,144.86,724.3,2026/03/19
539,Sara Mohammadi,user539@example.com,69, Tehran,Central,Headset,3,138.01,414.03,2026-08-06
540,Sara Mohammadi,user540@example.com,27,Isfahan,Central,Mouse,8,378.85,3030.8,2026-07-08
541,Neda Hosseini,user541@example.com,40,tehran,Central,Phone,1,324.71,324.71,15/07/2026
542,Maryam Karimi,user542@example.com,42,TEHRAN,East,Keyboard,7,242.55,1697.85,14/01/2026
543,John Doe,user543@example.com,61,Mashhad,East,Tablet,1,57.71,57.71,14/10/2026
544,Neda Hosseini,user544@example.com,69,Yazd,Central,Headset,2,135.12,270.24,2026/12/08
545,Ali Reza,user545@example.com,30,TEHRAN,West,Laptop,6,342.08,2052.48,2026-06-18
546,Reza Ahmadi,user546@example.com,51,Shiraz,North,Laptop,2,345.89,691.78,2026-04-24
547,Neda Hosseini,user547@example.com,56,tehran,Central,Headset,4,475.74,1902.96,2026/03/13
548,Maryam Karimi,user548@example.com,29,tehran ,East,Tablet,2,350.87,701.74,22/02/2026
549,Sara Mohammadi,user549@example.com,28,Tehran,West,Laptop,2,145.87,291.74,11/01/2026
550,Neda Hosseini,user550@example.com,49,TEHRAN,North,Monitor,4,309.05,1236.2,2026/07/07
551,Sara Mohammadi,user551@example.com,63,tehran,North,Laptop,5,60.61,303.05,24/05/2026
552,Maryam Karimi,user552@example.com,60,Shiraz,West,Monitor,7,140.55,983.85,01/09/2026
553,John Doe,user553@example.com,64,Tehran,East,Mouse,2,274.66,549.32,2026/02/19
554,John Doe,user554@example.com,37,tehran,South,Phone,7,37.05,259.35,28/06/2026
555,Maryam Karimi,user555@example.com,53, Tehran,North,Mouse,1,484.08,484.08,13/02/2026
556,Reza Ahmadi,user556@example.com,46, Tehran,East,Monitor,4,78.57,314.28,2026-01-24
557,Ali Reza,user557@example.com,52,Tehran,South,Headset,8,483.62,3868.96,02/06/2026
558,Sara Mohammadi,user558@example.com,59,Mashhad,West,Mouse,8,470.64,3765.12,2026/02/02
559,Neda Hosseini,user559@example.com,19,Yazd,North,Tablet,8,454.52,3636.16,2026-01-08
560,Reza Ahmadi,user560@example.com,70,TEHRAN,South,Laptop,2,233.53,467.06,2026/02/16
561,Sara Mohammadi,user561@example.com,69,Isfahan,North,Keyboard,4,218.84,875.36,22/10/2026
562,Sara Mohammadi,user562@example.com,29,tehran ,West,Phone,6,40.98,245.88,2026/12/12
563,Ali Reza,user563@example.com,55,Yazd,South,Laptop,1,75.35,75.35,2026-07-25
564,Maryam Karimi,user564@example.com,63,Tabriz,South,Phone,5,213.95,1069.75,05/11/2026
565,Reza Ahmadi,user565@example.com,57,Tabriz,South,Phone,1,302.17,302.17,2026-02-21
566,Ali Reza,user566@example.com,25,Mashhad,South,Laptop,2,313.27,626.54,15/11/2026
567,John Doe,user567@example.com,68,Tabriz,East,Phone,3,345.77,1037.31,2026/01/02
568,Ali Reza,user568@example.com,45,Tabriz,West,Keyboard,5,173.8,869.0,2026-01-04
569,Ali Reza,user569@example.com,25,Tabriz,East,Phone,2,448.59,897.18,2026-06-14
570,Maryam Karimi,user570@example.com,24, Tehran,South,Phone,4,371.5,1486.0,2026-07-08
571,Sara Mohammadi,user571@example.com,57,Shiraz,East,Phone,8,97.25,778.0,24/04/2026
572,Reza Ahmadi,user572@example.com,20,tehran,South,Headset,1,147.5,147.5,14/03/2026
573,Reza Ahmadi,user573@example.com,68,Mashhad,West,Headset,3,293.28,879.84,2026-04-03
574,Sara Mohammadi,user574@example.com,47,Isfahan,Central,Laptop,5,17.11,85.55,2026/10/08
575,Ali Reza,user575@example.com,44,Tabriz,West,Monitor,1,29.63,29.63,2026/07/16
576,Ali Reza,user576@example.com,33,Tehran,North,Monitor,2,283.66,567.32,2026/05/08
577,John Doe,user577@example.com,60,Tabriz,West,Mouse,5,89.28,446.4,2026-01-15
578,John Doe,user578@example.com,58,tehran,Central,Keyboard,1,431.59,431.59,11/09/2026
579,Ali Reza,user579@example.com,54,tehran,West,Tablet,4,395.97,1583.88,2026-06-24
580,Sara Mohammadi,user580@example.com,47,TEHRAN,East,Phone,1,189.13,189.13,2026-09-23
581,Reza Ahmadi,user581@example.com,52,Yazd,West,Tablet,2,328.03,656.06,24/04/2026
582,Neda Hosseini,user582@example.com,21,Tabriz,Central,Tablet,2,192.68,385.36,2026/08/23
583,Ali Reza,user583@example.com,46,tehran,North,Phone,6,401.95,2411.7,03/02/2026
584,Maryam Karimi,user584@example.com,35,Tabriz,Central,Phone,2,351.57,703.14,07/09/2026
585,Neda Hosseini,user585@example.com,48,Tehran,East,Monitor,6,215.86,1295.16,2026/04/27
586,Maryam Karimi,user586@example.com,55,Shiraz,West,Tablet,6,331.32,1987.92,2026/09/27
587,Ali Reza,user587@example.com,54,tehran ,South,Tablet,3,450.16,1350.48,09/04/2026
588,Neda Hosseini,user588@example.com,36,Yazd,South,Phone,8,478.54,3828.32,2026/03/06
589,Neda Hosseini,user589@example.com,33,Shiraz,North,Mouse,2,30.16,60.32,2026/03/07
590,Maryam Karimi,user590@example.com,38,Tabriz,South,Monitor,6,82.49,494.94,18/05/2026
591,Reza Ahmadi,user591@example.com,38,Mashhad,South,Headset,3,12.1,36.3,21/12/2026
592,Ali Reza,user592@example.com,54,tehran,West,Keyboard,8,175.96,1407.68,05/11/2026
593,John Doe,user593@example.com,32,Shiraz,South,Laptop,8,185.12,1480.96,2026-01-20
594,Reza Ahmadi,user594@example.com,23,tehran,North,Mouse,8,341.76,2734.08,2026/06/20
595,John Doe,user595@example.com,41,Isfahan,West,Headset,7,82.49,577.43,12/01/2026
596,Maryam Karimi,user596@example.com,53,Tabriz,West,Phone,2,115.69,231.38,2026/03/26
597,Ali Reza,user597@example.com,55,tehran ,North,Monitor,2,80.38,160.76,17/06/2026
598,John Doe,user598@example.com,58,Mashhad,Central,Monitor,5,213.11,1065.55,19/03/2026
599,Sara Mohammadi,user599@example.com,20,tehran ,East,Tablet,5,418.95,2094.75,2026-08-18
600,Ali Reza,user600@example.com,58,tehran ,East,Monitor,8,70.85,566.8,2026-07-06
601,Ali Reza,user601@example.com,22,Yazd,East,Keyboard,6,294.72,1768.32,2026/11/16
602,Sara Mohammadi,user602@example.com,64,TEHRAN,North,Tablet,1,424.19,424.19,11/08/2026
603,Sara Mohammadi,user603@example.com,41,Shiraz,South,Headset,7,321.76,2252.32,2026/11/03
604,Reza Ahmadi,user604@example.com,24,Shiraz,Central,Tablet,3,276.42,829.26,2026-05-09
605,Ali Reza,user605@example.com,70,Mashhad,South,Phone,3,16.32,48.96,2026-05-12
606,Maryam Karimi,user606@example.com,50,Mashhad,West,Laptop,4,417.47,1669.88,2026-09-28
607,Reza Ahmadi,user607@example.com,25,Tabriz,Central,Headset,3,462.47,1387.41,23/06/2026
608,John Doe,user608@example.com,39,Tehran,South,Phone,3,357.85,1073.55,2026-02-08
609,Ali Reza,user609@example.com,26,tehran,North,Headset,2,218.15,436.3,2026-02-01
610,Ali Reza,user610@example.com,60,tehran ,Central,Phone,1,239.85,239.85,2026-01-03
611,John Doe,user611@example.com,55,Shiraz,South,Headset,4,100.54,402.16,05/12/2026
612,Sara Mohammadi,user612@example.com,50,tehran,East,Phone,4,257.41,1029.64,2026/09/07
613,Reza Ahmadi,user613@example.com,66,tehran,South,Monitor,1,487.05,487.05,2026/08/12
614,John Doe,user614@example.com,61,Shiraz,North,Monitor,2,98.62,197.24,2026-07-14
615,Ali Reza,user615@example.com,25,Shiraz,West,Tablet,3,252.95,758.85,24/01/2026
616,Maryam Karimi,user616@example.com,47,Tabriz,East,Phone,5,346.65,1733.25,2026-04-18
617,Maryam Karimi,user617@example.com,18,Isfahan,West,Mouse,8,339.33,2714.64,2026-08-17
618,Ali Reza,user618@example.com,55,TEHRAN,South,Headset,2,373.3,746.6,07/06/2026
619,Neda Hosseini,user619@example.com,45,Yazd,Central,Monitor,8,146.47,1171.76,26/11/2026
620,Sara Mohammadi,user620@example.com,49,Tabriz,North,Laptop,5,82.21,411.05,2026/08/08
621,John Doe,user621@example.com,65,Tabriz,Central,Keyboard,1,416.85,416.85,2026-01-06
622,Maryam Karimi,user622@example.com,24,Mashhad,Central,Tablet,2,333.93,667.86,15/04/2026
623,Maryam Karimi,user623@example.com,52,Mashhad,East,Headset,6,406.65,2439.9,25/01/2026
624,Maryam Karimi,user624@example.com,42,Tehran,South,Tablet,8,235.23,1881.84,22/05/2026
625,Maryam Karimi,user625@example.com,63,tehran,Central,Headset,7,248.85,1741.95,18/11/2026
626,Ali Reza,user626@example.com,28,Tabriz,Central,Laptop,1,201.78,201.78,2026-07-20
627,John Doe,user627@example.com,26,Yazd,East,Monitor,6,180.95,1085.7,21/06/2026
628,John Doe,user628@example.com,40, Tehran,North,Tablet,1,334.01,334.01,2026-04-21
629,John Doe,user629@example.com,28,Tehran,North,Mouse,1,273.82,273.82,28/07/2026
630,Neda Hosseini,user630@example.com,48,Isfahan,South,Tablet,1,493.02,493.02,2026/08/04
631,Reza Ahmadi,user631@example.com,49,tehran ,South,Tablet,6,91.65,549.9,2026-06-14
632,Reza Ahmadi,user632@example.com,34,Yazd,North,Keyboard,1,155.69,155.69,2026/12/03
633,Reza Ahmadi,user633@example.com,39,Mashhad,East,Monitor,5,42.96,214.8,07/06/2026
634,Sara Mohammadi,user634@example.com,60,Isfahan,North,Mouse,6,108.04,648.24,2026/11/25
635,Reza Ahmadi,user635@example.com,63, Tehran,North,Keyboard,3,292.65,877.95,21/09/2026
636,Ali Reza,user636@example.com,30, Tehran,South,Headset,6,236.62,1419.72,22/05/2026
637,Sara Mohammadi,user637@example.com,44,TEHRAN,South,Laptop,5,413.62,2068.1,2026-05-22
638,Sara Mohammadi,user638@example.com,33,Mashhad,North,Tablet,5,237.44,1187.2,21/01/2026
639,John Doe,user639@example.com,68,TEHRAN,Central,Tablet,5,332.75,1663.75,2026-01-24
640,Neda Hosseini,user640@example.com,22,tehran,Central,Laptop,7,449.42,3145.94,2026/04/04
641,Neda Hosseini,user641@example.com,51,tehran,West,Headset,5,253.26,1266.3,2026/06/27
642,John Doe,user642@example.com,65, Tehran,Central,Laptop,4,468.4,1873.6,06/04/2026
643,Sara Mohammadi,user643@example.com,49,tehran,East,Monitor,6,352.81,2116.86,14/08/2026
644,Sara Mohammadi,user644@example.com,63,Tehran,East,Keyboard,6,412.47,2474.82,2026/01/23
645,Maryam Karimi,user645@example.com,42,Shiraz,East,Tablet,5,323.09,1615.45,2026-02-18
646,John Doe,user646@example.com,23,TEHRAN,North,Headset,4,155.74,622.96,2026-08-21
647,Reza Ahmadi,user647@example.com,67,Isfahan,North,Tablet,8,240.83,1926.64,14/02/2026
648,Sara Mohammadi,user648@example.com,44,Tehran,North,Monitor,6,232.1,1392.6,2026/11/15
649,Sara Mohammadi,user649@example.com,30,tehran,Central,Mouse,5,163.72,818.6,2026/12/25
650,Sara Mohammadi,user650@example.com,44,TEHRAN,North,Monitor,6,231.23,1387.38,22/10/2026
651,Sara Mohammadi,user651@example.com,41,Isfahan,North,Monitor,3,202.81,608.43,2026/11/20
652,Ali Reza,user652@example.com,30,TEHRAN,East,Phone,5,353.62,1768.1,2026-01-13
653,Neda Hosseini,user653@example.com,54,Mashhad,South,Phone,2,16.92,33.84,2026-07-25
654,Neda Hosseini,user654@example.com,70,Tabriz,South,Monitor,5,151.1,755.5,14/04/2026
655,Reza Ahmadi,user655@example.com,29,Tehran,West,Laptop,7,398.31,2788.17,08/10/2026
656,Neda Hosseini,user656@example.com,18,Shiraz,Central,Tablet,8,75.27,602.16,07/12/2026
657,Neda Hosseini,user657@example.com,22,Tehran,North,Laptop,2,282.93,565.86,2026/10/22
658,Sara Mohammadi,user658@example.com,34,Isfahan,Central,Monitor,7,158.23,1107.61,18/01/2026
659,Sara Mohammadi,user659@example.com,39,Shiraz,West,Headset,8,74.64,597.12,2026-09-14
660,Sara Mohammadi,user660@example.com,35,tehran ,East,Mouse,6,463.86,2783.16,27/05/2026
661,Maryam Karimi,user661@example.com,49,Tabriz,East,Phone,3,282.28,846.84,2026-01-07
662,Maryam Karimi,user662@example.com,63,Tabriz,North,Headset,8,223.85,1790.8,12/12/2026
663,John Doe,user663@example.com,64,tehran,Central,Mouse,3,70.59,211.77,2026/03/24
664,Maryam Karimi,user664@example.com,55,Tehran,North,Tablet,4,295.94,1183.76,2026-09-25
665,Ali Reza,user665@example.com,19,tehran,West,Headset,5,343.84,1719.2,2026-07-12
666,Neda Hosseini,user666@example.com,63,tehran ,Central,Phone,8,232.49,1859.92,02/11/2026
667,Maryam Karimi,user667@example.com,31,tehran ,North,Monitor,1,402.76,402.76,2026/02/18
668,John Doe,user668@example.com,34,Isfahan,South,Laptop,3,127.64,382.92,28/04/2026
669,Maryam Karimi,user669@example.com,37,tehran ,West,Monitor,8,402.54,3220.32,2026-03-12
670,Neda Hosseini,user670@example.com,48,Isfahan,West,Laptop,5,285.9,1429.5,14/06/2026
671,John Doe,user671@example.com,20, Tehran,West,Monitor,6,486.9,2921.4,2026-03-16
672,Ali Reza,user672@example.com,23,TEHRAN,Central,Laptop,8,157.19,1257.52,2026/07/10
673,John Doe,user673@example.com,20,Isfahan,East,Keyboard,2,260.22,520.44,22/12/2026
674,Neda Hosseini,user674@example.com,23,Tabriz,East,Tablet,1,65.83,65.83,06/07/2026
675,Neda Hosseini,user675@example.com,55,Tabriz,Central,Tablet,8,381.1,3048.8,2026-05-11
676,Maryam Karimi,user676@example.com,61,Tehran,West,Headset,2,222.56,445.12,04/01/2026
677,Ali Reza,user677@example.com,60,Yazd,South,Phone,8,158.37,1266.96,22/12/2026
678,Neda Hosseini,user678@example.com,18,Tehran,South,Monitor,4,64.84,259.36,2026-04-28
679,Neda Hosseini,user679@example.com,58,Tabriz,West,Monitor,4,52.19,208.76,2026-03-16
680,Ali Reza,user680@example.com,48,Yazd,North,Mouse,1,431.3,431.3,10/10/2026
681,Reza Ahmadi,user681@example.com,63,Tabriz,Central,Mouse,7,489.95,3429.65,2026/07/16
682,John Doe,user682@example.com,70,Tehran,West,Monitor,8,123.63,989.04,2026-09-01
683,Sara Mohammadi,user683@example.com,25,Shiraz,West,Tablet,8,315.12,2520.96,2026/03/10
684,John Doe,user684@example.com,46,Yazd,West,Monitor,4,258.74,1034.96,2026-06-20
685,Sara Mohammadi,user685@example.com,61,TEHRAN,South,Phone,6,400.03,2400.18,23/12/2026
686,John Doe,user686@example.com,28,Isfahan,East,Tablet,8,59.44,475.52,2026-08-10
687,Sara Mohammadi,user687@example.com,61,Mashhad,North,Keyboard,3,95.61,286.83,2026/07/04
688,Reza Ahmadi,user688@example.com,32,Shiraz,Central,Mouse,8,136.33,1090.64,2026/05/05
689,Reza Ahmadi,user689@example.com,24,Tabriz,North,Headset,1,464.05,464.05,2026/02/26
690,Neda Hosseini,user690@example.com,53,TEHRAN,West,Headset,1,258.58,258.58,07/06/2026
691,Maryam Karimi,user691@example.com,50,tehran,West,Headset,8,368.95,2951.6,2026-03-21
692,Neda Hosseini,user692@example.com,67,Tabriz,West,Tablet,1,130.2,130.2,17/03/2026
693,Maryam Karimi,user693@example.com,58,Mashhad,Central,Headset,4,84.29,337.16,08/03/2026
694,John Doe,user694@example.com,61,Tabriz,East,Monitor,6,472.43,2834.58,2026-03-25
695,Neda Hosseini,user695@example.com,67,Isfahan,Central,Tablet,3,222.7,668.1,2026/10/02
696,Reza Ahmadi,user696@example.com,44,Mashhad,Central,Phone,7,444.03,3108.21,24/06/2026
697,John Doe,user697@example.com,62, Tehran,West,Headset,7,228.63,1600.41,2026/11/15
698,Reza Ahmadi,user698@example.com,30,Mashhad,East,Phone,5,51.3,256.5,2026/12/05
699,John Doe,user699@example.com,23,TEHRAN,West,Keyboard,5,265.45,1327.25,2026-01-01
700,John Doe,user700@example.com,25,tehran ,Central,Mouse,1,422.38,422.38,04/01/2026
701,Neda Hosseini,user701@example.com,18, Tehran,Central,Mouse,8,176.1,1408.8,20/04/2026
702,Maryam Karimi,user702@example.com,26, Tehran,North,Phone,7,264.64,1852.48,17/10/2026
703,Ali Reza,user703@example.com,63,tehran,East,Mouse,7,415.93,2911.51,14/03/2026
704,Maryam Karimi,user704@example.com,51,Mashhad,West,Mouse,7,298.24,2087.68,09/10/2026
705,Ali Reza,user705@example.com,44,TEHRAN,South,Monitor,3,80.73,242.19,2026/12/17
706,Reza Ahmadi,user706@example.com,48,Mashhad,East,Laptop,1,375.78,375.78,20/07/2026
707,Sara Mohammadi,user707@example.com,51,tehran ,Central,Monitor,3,67.69,203.07,2026-06-10
708,John Doe,user708@example.com,21, Tehran,North,Headset,5,445.64,2228.2,2026/01/04
709,Reza Ahmadi,user709@example.com,20,tehran ,South,Headset,7,245.78,1720.46,2026/08/27
710,Neda Hosseini,user710@example.com,26,Tabriz,Central,Monitor,8,383.22,3065.76,2026/02/26
711,Ali Reza,user711@example.com,42,Shiraz,South,Mouse,4,451.12,1804.48,2026/12/09
712,Reza Ahmadi,user712@example.com,19,tehran,Central,Phone,5,284.91,1424.55,2026-09-03
713,Sara Mohammadi,user713@example.com,66,Tehran,Central,Monitor,8,256.29,2050.32,2026-02-22
714,Ali Reza,user714@example.com,23,Tehran,Central,Tablet,6,206.88,1241.28,01/06/2026
715,Sara Mohammadi,user715@example.com,42,tehran,East,Monitor,5,54.6,273.0,2026-09-06
716,John Doe,user716@example.com,61,Shiraz,South,Monitor,3,38.87,116.61,2026-03-01
717,Reza Ahmadi,user717@example.com,38,tehran,Central,Monitor,5,194.0,970.0,08/10/2026
718,Sara Mohammadi,user718@example.com,25,Tabriz,North,Tablet,5,39.71,198.55,2026/01/14
719,Reza Ahmadi,user719@example.com,53,Mashhad,South,Headset,2,130.69,261.38,2026/08/03
720,Maryam Karimi,user720@example.com,27,TEHRAN,Central,Tablet,6,274.82,1648.92,2026-04-18
721,Sara Mohammadi,user721@example.com,59,Tabriz,Central,Headset,3,10.27,30.81,2026/07/12
722,Neda Hosseini,user722@example.com,50,Mashhad,Central,Tablet,5,32.29,161.45,2026-02-10
723,Neda Hosseini,user723@example.com,45,Shiraz,East,Tablet,4,309.12,1236.48,2026-06-21
724,Ali Reza,user724@example.com,31,Shiraz,North,Mouse,8,479.91,3839.28,05/11/2026
725,Ali Reza,user725@example.com,29,Tabriz,West,Mouse,7,282.34,1976.38,2026/11/03
726,John Doe,user726@example.com,25,Isfahan,South,Monitor,6,486.3,2917.8,06/12/2026
727,Sara Mohammadi,user727@example.com,18,tehran ,South,Monitor,4,374.14,1496.56,2026/11/10
728,Reza Ahmadi,user728@example.com,41,Yazd,Central,Monitor,1,147.57,147.57,07/11/2026
729,John Doe,user729@example.com,28,Yazd,Central,Headset,4,333.32,1333.28,2026-03-03
730,Maryam Karimi,user730@example.com,32,Tehran,North,Headset,5,104.01,520.05,2026-09-20
731,Reza Ahmadi,user731@example.com,38,Isfahan,North,Mouse,7,423.73,2966.11,22/09/2026
732,Ali Reza,user732@example.com,32,Isfahan,Central,Headset,1,146.19,146.19,11/01/2026
733,Neda Hosseini,user733@example.com,19,Isfahan,North,Laptop,4,489.27,1957.08,2026-02-08
734,John Doe,user734@example.com,48,Yazd,North,Headset,7,405.95,2841.65,2026-06-27
735,Ali Reza,user735@example.com,39,Yazd,North,Laptop,4,472.34,1889.36,2026-08-25
736,Neda Hosseini,user736@example.com,42,tehran,West,Laptop,6,446.14,2676.84,2026/01/10
737,Neda Hosseini,user737@example.com,24,tehran ,Central,Laptop,1,284.04,284.04,2026/07/08
738,John Doe,user738@example.com,47,Isfahan,Central,Phone,7,237.46,1662.22,2026/01/15
739,Maryam Karimi,user739@example.com,24,tehran,West,Mouse,2,16.02,32.04,05/11/2026
740,Neda Hosseini,user740@example.com,57,TEHRAN,East,Tablet,8,101.1,808.8,2026/10/14
741,Neda Hosseini,user741@example.com,55,tehran ,South,Laptop,3,82.23,246.69,2026/09/19
742,Maryam Karimi,user742@example.com,33, Tehran,West,Keyboard,1,216.81,216.81,2026/06/07
743,Maryam Karimi,user743@example.com,62,Yazd,North,Monitor,6,427.48,2564.88,2026-06-20
744,Neda Hosseini,user744@example.com,32, Tehran,West,Phone,1,323.0,323.0,07/04/2026
745,Sara Mohammadi,user745@example.com,43,Tehran,East,Monitor,3,414.78,1244.34,2026-06-01
746,Sara Mohammadi,user746@example.com,30,Tehran,East,Headset,6,31.51,189.06,2026/04/09
747,Sara Mohammadi,user747@example.com,53,Tehran,West,Mouse,4,97.49,389.96,2026/01/27
748,Reza Ahmadi,user748@example.com,68, Tehran,Central,Monitor,2,175.81,351.62,2026-05-15
749,Reza Ahmadi,user749@example.com,63,TEHRAN,West,Mouse,2,68.06,136.12,18/07/2026
750,Ali Reza,user750@example.com,33,Yazd,East,Headset,1,383.91,383.91,2026-04-28
751,Maryam Karimi,user751@example.com,26,tehran,Central,Tablet,8,112.53,900.24,2026/02/06
752,Reza Ahmadi,user752@example.com,49,Shiraz,West,Mouse,8,97.71,781.68,16/12/2026
753,Maryam Karimi,user753@example.com,68, Tehran,Central,Phone,1,111.53,111.53,08/07/2026
754,Ali Reza,user754@example.com,41,TEHRAN,West,Keyboard,5,279.77,1398.85,2026/06/08
755,Ali Reza,user755@example.com,57,Tabriz,South,Monitor,6,218.79,1312.74,12/08/2026
756,Ali Reza,user756@example.com,32,Shiraz,East,Phone,5,326.22,1631.1,2026/09/18
757,John Doe,user757@example.com,24,Tehran,East,Phone,2,44.96,89.92,11/04/2026
758,Maryam Karimi,user758@example.com,63,Mashhad,West,Headset,3,499.22,1497.66,25/05/2026
759,Sara Mohammadi,user759@example.com,55,Mashhad,West,Phone,1,241.28,241.28,2026/04/24
760,Maryam Karimi,user760@example.com,51,Tabriz,South,Monitor,8,364.03,2912.24,2026/04/14
761,John Doe,user761@example.com,46,Yazd,East,Phone,1,193.6,193.6,2026/08/26
762,Sara Mohammadi,user762@example.com,44,Isfahan,South,Tablet,7,346.02,2422.14,2026-09-10
763,John Doe,user763@example.com,54, Tehran,Central,Monitor,7,490.28,3431.96,2026-07-03
764,Sara Mohammadi,user764@example.com,58,tehran,South,Laptop,5,55.69,278.45,2026-09-06
765,Sara Mohammadi,user765@example.com,42,tehran ,East,Headset,5,110.89,554.45,2026-09-03
766,Sara Mohammadi,user766@example.com,44,tehran,South,Headset,7,86.95,608.65,14/08/2026
767,Neda Hosseini,user767@example.com,31,Tabriz,West,Tablet,5,221.78,1108.9,2026/10/07
768,Reza Ahmadi,user768@example.com,30,Tabriz,West,Monitor,1,495.63,495.63,13/10/2026
769,Sara Mohammadi,user769@example.com,47,tehran ,West,Phone,1,371.27,371.27,2026/05/13
770,John Doe,user770@example.com,29,TEHRAN,Central,Tablet,7,234.34,1640.38,2026-02-13
771,Ali Reza,user771@example.com,60, Tehran,Central,Headset,2,352.04,704.08,2026-08-14
772,Neda Hosseini,user772@example.com,67,TEHRAN,West,Monitor,6,210.95,1265.7,2026-05-07
773,Neda Hosseini,user773@example.com,39,Isfahan,West,Monitor,7,429.33,3005.31,09/02/2026
774,Reza Ahmadi,user774@example.com,47, Tehran,North,Phone,2,50.45,100.9,2026-08-05
775,Maryam Karimi,user775@example.com,36,Isfahan,East,Phone,2,271.98,543.96,2026-03-03
776,Neda Hosseini,user776@example.com,31,Mashhad,North,Monitor,1,447.42,447.42,2026/11/26
777,Sara Mohammadi,user777@example.com,62,Yazd,South,Laptop,5,227.55,1137.75,25/07/2026
778,Ali Reza,user778@example.com,19,Tehran,South,Mouse,7,23.69,165.83,2026-06-27
779,Reza Ahmadi,user779@example.com,28,tehran,West,Monitor,1,213.68,213.68,2026-06-11
780,Maryam Karimi,user780@example.com,25,Shiraz,South,Monitor,4,114.75,459.0,2026-06-06
781,Maryam Karimi,user781@example.com,32,tehran ,North,Mouse,2,332.4,664.8,2026/07/10
782,Sara Mohammadi,user782@example.com,52,tehran,East,Phone,3,133.45,400.35,2026/11/25
783,Reza Ahmadi,user783@example.com,58,Tabriz,South,Keyboard,6,489.23,2935.38,01/10/2026
784,Reza Ahmadi,user784@example.com,55,Yazd,North,Laptop,1,123.98,123.98,2026-02-10
785,Reza Ahmadi,user785@example.com,26, Tehran,West,Mouse,6,254.38,1526.28,2026/01/08
786,Sara Mohammadi,user786@example.com,39,Tehran,East,Tablet,3,146.28,438.84,2026-09-26
787,Maryam Karimi,user787@example.com,33, Tehran,North,Laptop,4,274.26,1097.04,2026-04-20
788,Sara Mohammadi,user788@example.com,49,Tehran,South,Keyboard,2,477.29,954.58,2026/03/19
789,Sara Mohammadi,user789@example.com,23,tehran ,East,Tablet,7,365.24,2556.68,2026/07/06
790,Maryam Karimi,user790@example.com,54, Tehran,South,Monitor,8,484.19,3873.52,26/08/2026
791,Maryam Karimi,user791@example.com,46,Isfahan,North,Headset,7,257.59,1803.13,26/08/2026
792,Reza Ahmadi,user792@example.com,37,TEHRAN,Central,Monitor,3,280.9,842.7,15/05/2026
793,Neda Hosseini,user793@example.com,22,Tabriz,East,Monitor,6,76.96,461.76,2026/01/28
794,Ali Reza,user794@example.com,43,Shiraz,North,Monitor,7,470.74,3295.18,10/11/2026
795,Maryam Karimi,user795@example.com,54,Isfahan,East,Mouse,3,105.17,315.51,2026/06/17
796,Ali Reza,user796@example.com,21, Tehran,South,Tablet,7,463.99,3247.93,2026/11/23
797,Ali Reza,user797@example.com,56,TEHRAN,North,Headset,8,472.69,3781.52,2026-05-08
798,John Doe,user798@example.com,23,Yazd,East,Keyboard,7,204.86,1434.02,07/07/2026
799,John Doe,user799@example.com,52,Isfahan,South,Mouse,7,297.18,2080.26,2026-02-04
800,Maryam Karimi,user800@example.com,43,TEHRAN,East,Mouse,5,13.15,65.75,2026/12/14
1,Reza Ahmadi,user1@example.com,58,tehran ,North,Keyboard,2,22.26,44.52,2026/02/22
2,Neda Hosseini,user2@example.com,45, Tehran,Central,Monitor,1,24.6,24.6,2026/09/07
3,John Doe,user3@example.com,32,Tehran,North,Laptop,8,298.74,2389.92,2026-03-23
4,Maryam Karimi,user4@example.com,42,Shiraz,North,Keyboard,2,185.9,371.8,2026-05-26
5,Ali Reza,user5@example.com,36,tehran,West,Tablet,6,292.9,1757.4,2026-01-22
51,John Doe,user51@example.com,59,Tabriz,East,Headset,7,76.49,535.43,09/07/2026
52,Ali Reza,user52@example.com,42,Isfahan,East,Phone,5,378.48,1892.4,2026/01/24
53,Sara Mohammadi,user53@example.com,59,,West,Mouse,2,392.8,785.6,2026-01-08
54,Sara Mohammadi,user54@example.com,25,tehran ,East,Laptop,4,237.87,951.48,2026-06-06
55,Neda Hosseini,user55@example.com,55,Yazd,South,Laptop,1,465.15,465.15,2026/02/19
